,Original Index,Sample Mean,Sample Mean Rank,Sample Standard Deviation,Sample Standard Deviation Rank,Sample Mean t Value,Sample Mean t Value Rank
1,1,37.333333333333336,12,51.36795369358864,426,-1.4375671436743416,60
2,2,54.46666666666667,220,45.306679839679695,339,-0.16526851733924355,224
3,3,58.0,287,42.262783357735174,256,0.14662482831476134,282
4,4,69.0,433,38.52272056851645,192,1.2667742423699953,453
5,5,72.2,460,46.231096522949635,356,1.3236358527576833,459
6,6,64.93333333333334,387,52.78726397622098,443,0.6260877226469703,372
7,7,52.666666666666664,183,23.888630489558558,15,-0.6052727816339638,141
8,8,47.53333333333333,101,31.112392263870554,97,-1.1037548011456029,91
9,9,43.733333333333334,62,34.78395908351735,147,-1.410356680048161,63
10,10,57.53333333333333,276,43.721303513875036,291,0.10039456221401906,276
11,11,51.333333333333336,156,34.510177932783556,143,-0.5686182105176255,149
12,12,53.8,200,43.26034145562356,284,-0.23277108689650178,207
13,13,42.06666666666667,47,32.556471085236026,120,-1.7051221906177048,48
14,14,53.93333333333333,204,26.609522105191342,39,-0.35902031170943777,182
15,15,52.666666666666664,180,44.00432879139224,307,-0.3285844420985556,189
16,16,52.53333333333333,179,43.95268018264751,304,-0.34071950886962477,186
17,17,31.2,2,27.519343845998325,51,-3.546566403276331,4
18,18,43.8,65,41.04561921987359,229,-1.1889110479928031,77
19,19,53.0,190,27.263266757410314,48,-0.48299946936938637,159
20,20,62.13333333333333,350,38.472377227353775,191,0.5771700663838386,367
21,21,54.93333333333333,233,49.841845108397855,403,-0.11396800343333328,236
22,22,77.73333333333333,482,57.61134147602073,488,1.4341558901814773,469
23,23,62.666666666666664,360,39.87958064449716,215,0.6085995701056142,371
24,24,75.26666666666667,471,40.15055001698815,218,1.8199074674576001,490
25,25,55.0,236,51.204073498669445,424,-0.10589346343374957,238
26,26,75.53333333333333,473,53.99320944958418,460,1.3724518715011473,465
27,27,64.93333333333334,386,44.06726460223971,308,0.7499775215445733,393
28,28,52.86666666666667,187,47.38122995850733,375,-0.28881776958055655,194
29,29,46.93333333333333,93,36.24808697743661,164,-1.0114807539200434,102
30,30,54.86666666666667,229,43.92016566886961,302,-0.13521293405306825,231
31,31,59.53333333333333,313,52.02865510832423,433,0.23324354229127475,305
32,32,41.53333333333333,35,34.77861959526831,146,-1.655567503359178,50
33,33,39.53333333333333,25,29.222952492534915,74,-2.235377110602327,27
34,34,75.53333333333333,472,45.88162823531668,352,1.6150926679710884,476
35,35,59.266666666666666,311,38.45677846002977,190,0.28870208851912593,313
36,36,38.13333333333333,15,30.451053621618197,88,-2.3232856461983604,25
37,37,78.33333333333333,484,43.748741478497195,294,1.941711506571412,492
38,38,41.666666666666664,36,42.33483311928955,257,-1.3478724357631342,66
39,39,64.66666666666667,381,45.847054223280054,350,0.6983363025402557,383
40,40,58.0,284,40.341400216509236,219,0.15360828629334283,287
41,41,69.2,436,47.362130743574326,374,1.0467051640868321,433
42,42,62.46666666666667,357,49.030408445993515,393,0.4792148324212388,346
43,43,63.46666666666667,367,42.77827664108212,273,0.6397892683436245,374
44,44,68.4,427,44.34733040765492,317,1.0479954425050737,435
45,45,46.86666666666667,92,32.76510920098361,124,-1.126882898737161,88
46,46,75.93333333333334,475,49.86190453451938,406,1.5172359620468203,472
47,47,54.93333333333333,231,35.06415888190159,149,-0.16199948196588526,226
48,48,58.6,301,44.79126190293306,327,0.19022824987876438,295
49,49,48.8,118,41.26084273081613,236,-0.7133803258262769,134
50,50,69.8,442,49.93595898748716,408,1.0392906813341436,431
51,51,57.0,268,56.065013281775954,478,0.041448130869877246,265
52,52,59.266666666666666,309,41.654131447752775,245,0.26654144194685664,309
53,53,69.13333333333334,435,37.9640180521855,186,1.2990191890099156,457
54,54,58.4,297,44.29737173757765,315,0.17486289566574664,291
55,55,69.93333333333334,444,52.9129563753619,445,0.9905773218727137,424
56,56,53.8,202,41.36112736789046,237,-0.243459435004585,205
57,57,71.13333333333334,454,52.28065289059296,436,1.0914545147998715,440
58,58,53.0,189,31.213550171131036,99,-0.42187265802543145,173
59,59,56.733333333333334,264,40.343997016137294,220,0.0319996664737861,264
60,60,89.4,500,65.58614836337668,500,1.948711025333103,493
61,61,62.8,361,52.214119601064674,435,0.47472012561180943,344
62,62,60.6,322,47.50759337802146,377,0.34239852826551687,321
63,63,51.266666666666666,152,44.65657313105792,323,-0.44520466118579693,168
64,64,29.933333333333334,1,26.1109354941747,32,-3.925748246457567,2
65,65,50.2,138,21.785316155612705,9,-1.102233108528905,92
66,66,56.46666666666667,260,58.27259422829258,489,0.004430880299161504,259
67,67,53.86666666666667,203,36.00568738143356,161,-0.2725002221579993,199
68,68,59.666666666666664,315,52.88081837850993,444,0.23925018533284265,307
69,69,71.6,458,54.534130859228235,467,1.0794954633881524,439
70,70,46.333333333333336,81,27.79431253914746,54,-1.4027341851649626,64
71,71,47.666666666666664,102,24.890235224356747,25,-1.3589286823524684,65
72,72,47.266666666666666,98,33.25758058949368,129,-1.0636145885649826,95
73,73,63.8,372,50.526089441848896,417,0.567233227002856,365
74,74,50.8,144,27.816233698019886,55,-0.7797139963022911,124
75,75,48.733333333333334,116,26.652436679455427,40,-1.114077210952039,89
76,76,63.86666666666667,373,40.81467989875818,226,0.7085263371760981,385
77,77,48.8,117,24.782482292365884,23,-1.187720950788032,79
78,78,58.6,302,28.34431159862592,62,0.3006092891693086,315
79,79,53.6,199,25.97196290508011,31,-0.41754076921385114,174
80,80,55.0,235,48.04313538001925,381,-0.11286059167040578,237
81,81,48.53333333333333,111,41.53460977936123,242,-0.7335441250565079,130
82,82,54.0,207,45.04917947564163,335,-0.20633361448733478,217
83,83,65.4,394,41.15788416052784,231,0.846905783103787,400
84,84,42.733333333333334,54,32.08352195368178,112,-1.6497806093290792,51
85,85,61.8,346,58.667586572874406,492,0.3564849227868172,324
86,86,58.0,286,30.38561689822529,86,0.20393771746308706,299
87,87,65.4,395,50.025422108592515,411,0.6967827285935018,382
88,88,38.86666666666667,21,20.92116722592786,7,-3.2458183269691685,7
89,89,41.86666666666667,43,34.9997278900987,148,-1.6082227308059907,53
90,90,58.13333333333333,292,33.72126642823204,138,0.1990782626065849,297
91,91,50.86666666666667,145,32.186657987137345,117,-0.6658196031901968,137
92,92,54.666666666666664,224,23.73865643889328,13,-0.2827949067255286,197
93,93,48.333333333333336,108,39.09999391060725,207,-0.7990299367011147,122
94,94,63.666666666666664,371,56.89422098027516,482,0.4946667429051851,352
95,95,57.733333333333334,279,63.264147674274255,498,0.08162565978966177,273
96,96,54.2,214,38.586081872687124,193,-0.22081960510449028,212
97,97,45.6,76,35.84649813540269,157,-1.16687047033277,84
98,98,45.13333333333333,74,55.58888206758443,474,-0.7849701369100834,123
99,99,62.46666666666667,358,43.12087109288869,278,0.5448892467032409,361
100,100,41.8,42,52.332999695630456,437,-1.080495235960066,94
101,101,59.13333333333333,308,43.876232854745055,299,0.24127309458584834,308
102,102,48.666666666666664,114,30.749370880130375,92,-0.9740385039885312,107
103,103,56.6,261,47.85215325801517,380,0.016187289735216888,261
104,104,38.0,14,18.962368748957196,4,-3.7581219157619983,3
105,105,41.0,31,20.26608708444444,5,-2.9430419045902,11
106,106,64.53333333333333,378,43.970552916804714,305,0.7163945517982071,386
107,107,57.266666666666666,274,30.198076255347946,83,0.11115229785932672,277
108,108,57.46666666666667,275,42.372273054552124,258,0.09749730043124914,275
109,109,49.53333333333333,129,35.770831426630004,156,-0.7434684792973258,128
110,110,61.06666666666667,330,42.60359922197498,265,0.4242346330443074,334
111,111,62.93333333333333,362,54.180210760897175,461,0.4670245988316414,343
112,112,67.0,416,48.321837713398274,387,0.8495873793809713,401
113,113,47.93333333333333,105,31.790534679965603,109,-1.0314786878546753,100
114,114,46.13333333333333,80,20.576917257196808,6,-1.932389994286232,37
115,115,58.06666666666667,289,39.80033500696529,212,0.16218386710939464,288
116,116,43.8,66,27.928991593478116,56,-1.7472736170542218,46
117,117,54.333333333333336,217,41.541144262847006,243,-0.19268043103282148,221
118,118,41.733333333333334,39,31.510693574147325,104,-1.8026818613405449,43
119,119,57.0,267,45.030148630826055,333,0.05160520403287478,269
120,120,56.733333333333334,263,50.050641021536045,412,0.025793764523022178,263
121,121,65.6,402,41.84802436026273,248,0.8514487202158693,402
122,122,42.0,46,26.164315939298483,33,-2.131565767466502,31
123,123,63.46666666666667,368,30.28641059397212,85,0.9036753374348804,407
124,124,60.666666666666664,324,30.41068108098738,87,0.5433856906989661,360
125,125,80.8,492,46.73664820795652,362,2.02198482927094,495
126,126,51.733333333333334,165,45.06894189804685,336,-0.4010283250755558,177
127,127,42.666666666666664,53,33.072791291475895,127,-1.6082395591939045,52
128,128,46.733333333333334,90,31.949662789784696,111,-1.1718070159197023,83
129,129,56.6,262,33.45957048652683,132,0.023150227512735152,262
130,130,50.8,143,47.758619266952365,378,-0.4541317791774923,165
131,131,55.266666666666666,238,51.43993260752454,428,-0.08533022698905454,240
132,132,60.93333333333333,329,56.58806874076481,481,0.31026901771890464,317
133,133,33.733333333333334,4,28.148754518670643,59,-3.1187036163822657,9
134,134,47.46666666666667,99,30.11375259309433,82,-1.1489319080762364,85
135,135,58.53333333333333,300,42.7047449131269,270,0.1934764974879737,296
136,136,31.8,3,15.762523365792127,1,-6.044425001359197,1
137,137,55.2,237,40.1287214562623,217,-0.11581679771468535,235
138,138,64.6,379,35.07298512693617,150,0.9054964475923721,408
139,139,53.266666666666666,196,46.895730336668436,366,-0.2587729784992339,202
140,140,54.13333333333333,213,42.04566678313112,254,-0.2087911293376265,216
141,141,59.46666666666667,312,52.428000515900266,438,0.22654209223117988,303
142,142,58.0,288,49.03497294206016,394,0.12637456456341875,279
143,143,57.93333333333333,283,46.8865906305031,365,0.12665827018612927,280
144,144,52.0,169,38.01315561749642,187,-0.448295503135474,167
145,145,73.2,463,49.78697477395927,402,1.306890416854912,458
146,146,43.6,60,26.59430658725929,38,-1.8640902205438499,42
147,147,81.13333333333334,493,57.29979639289015,485,1.6717648949287158,485
148,148,51.86666666666667,167,42.72313970984186,271,-0.4109605385290148,176
149,149,41.0,32,24.648964046617223,20,-2.419734290609249,21
150,150,52.53333333333333,178,54.871104374142995,469,-0.2729220739430259,198
151,151,36.666666666666664,10,26.69849291270059,42,-2.862591218727672,12
152,152,70.66666666666667,450,46.87013466813941,364,1.1788863590241083,449
153,153,56.0,250,38.915659719816794,203,-0.03980899590644932,251
154,154,50.13333333333333,137,33.53434628783422,136,-0.7237563370972347,133
155,155,64.86666666666666,383,55.81841307396009,477,0.5874631182086926,368
156,156,65.13333333333334,390,60.27302958403614,497,0.5611805942111918,364
157,157,54.53333333333333,222,43.80617482023456,295,-0.16503538468236892,225
158,158,58.13333333333333,293,44.10031853896404,309,0.15222500326148194,286
159,159,56.93333333333333,266,48.083954357630226,382,0.04295801261714455,267
160,160,61.53333333333333,342,43.18873309865278,281,0.460335672850556,342
161,161,41.666666666666664,37,16.408476322867255,2,-3.47759008888593,5
162,162,49.13333333333333,122,28.291509747794013,61,-0.9947747304166057,104
163,163,57.2,273,44.5055373761834,320,0.06961800395256017,272
164,164,48.53333333333333,112,35.96598922527199,159,-0.8471188933337231,114
165,165,74.13333333333334,468,50.399640966219295,414,1.3627260701872606,462
166,166,65.13333333333334,389,52.783745694331024,442,0.6408043633877776,375
167,167,69.73333333333333,441,37.53563386335456,181,1.3757534543687917,467
168,168,70.13333333333334,445,49.772147499044756,401,1.068649314135703,437
169,169,49.333333333333336,127,44.91685440370696,332,-0.6093276716844249,140
170,170,33.733333333333334,5,29.04544878699751,68,-3.022422657601827,10
171,171,63.13333333333333,365,46.990677900236875,368,0.5549630060632053,363
172,172,78.53333333333333,485,57.30976813606493,486,1.4957665016640118,470
173,173,65.93333333333334,405,49.919172764818626,407,0.7396444930647122,391
174,174,69.4,439,38.817889837400635,200,1.2970510172396315,456
175,175,54.06666666666667,210,45.260305324812364,338,-0.1996663760064479,219
176,176,54.733333333333334,226,43.20295404362111,282,-0.1494104370076539,228
177,177,52.333333333333336,176,50.84523670156424,421,-0.3097661314278485,191
178,178,58.266666666666666,295,25.51320853055941,27,0.28336572815845656,312
179,179,37.0,11,27.699922640428337,53,-2.7124941066355994,15
180,180,50.13333333333333,136,32.99754680636267,126,-0.7355303040756109,129
181,181,61.333333333333336,337,39.29861260122235,208,0.48619319046127446,349
182,182,42.4,50,30.992625851044906,95,-1.7495054180791774,45
183,183,54.266666666666666,216,43.29709107131904,286,-0.1908295515349836,222
184,184,60.86666666666667,327,42.66123477328044,269,0.40550456884325126,329
185,185,58.13333333333333,291,45.526862818507915,345,0.14745516641873918,284
186,186,70.4,447,45.42309041508672,341,1.1937049274149514,450
187,187,62.266666666666666,353,43.869069264063924,297,0.5179390098518201,355
188,188,64.4,377,54.34913588483787,464,0.5700894092467648,366
189,189,55.0,234,53.704216381424445,453,-0.10096370545992801,239
190,190,44.46666666666667,68,29.589734384620304,80,-1.561947149101957,54
191,191,54.733333333333334,228,37.6287630613047,182,-0.17154356716862024,223
192,192,65.53333333333333,398,50.89606589717445,422,0.6950094721825023,381
193,193,49.333333333333336,126,29.080348461919552,70,-0.9411538637179202,108
194,194,77.8,483,47.41488614951457,376,1.7480131313082832,487
195,195,45.06666666666667,72,18.60286716252811,3,-2.3595186093374356,24
196,196,53.2,195,28.35035903022847,63,-0.437156605129732,169
197,197,61.53333333333333,340,48.1231554995939,383,0.41313405790065405,330
198,198,56.4,257,33.5235524881921,135,0.0,258
199,199,66.6,412,53.98121366337949,459,0.7318181169037922,389
200,200,49.46666666666667,128,32.614340988210046,122,-0.8233397861208321,118
201,201,49.266666666666666,125,33.20599486897051,128,-0.8319967919034608,117
202,202,72.33333333333333,461,37.1111586350803,175,1.6628296425980873,482
203,203,58.06666666666667,290,34.54286502028348,144,0.18686846733438883,294
204,204,54.4,219,38.90060594460121,202,-0.19912200605424893,220
205,205,52.733333333333334,185,40.74216255335263,224,-0.34855633687822674,184
206,206,38.8,18,21.72621852574836,8,-3.1374307872521325,8
207,207,48.86666666666667,121,35.952084514703465,158,-0.8115377713216263,119
208,208,51.2,150,43.6171656903236,289,-0.46173365649814496,162
209,209,66.33333333333333,407,44.57524403693581,321,0.8630717655846987,404
210,210,44.93333333333333,71,31.42670990158046,103,-1.4131358063122708,62
211,211,73.46666666666667,466,56.19718684706387,479,1.1761961671703631,448
212,212,57.13333333333333,269,55.4898532123109,472,0.05118391242362588,268
213,213,65.26666666666667,391,37.193445403086564,176,0.923293122328555,414
214,214,53.13333333333333,192,54.685943175119334,468,-0.2313527912848928,208
215,215,35.06666666666667,8,29.256175579248385,75,-2.82414372634874,13
216,216,60.733333333333334,325,39.6222640635768,209,0.42357316600172207,333
217,217,40.0,26,28.23624823317918,60,-2.2494818133510273,26
218,218,62.333333333333336,354,50.420611809438554,415,0.45576006245913186,339
219,219,61.6,343,44.135829306487814,310,0.456307578598464,340
220,220,43.46666666666667,59,26.589113418482995,37,-1.8838756983950276,40
221,221,58.46666666666667,299,54.34265184478771,462,0.14729066967551252,283
222,222,65.6,401,42.45636415359725,259,0.8392486614304027,398
223,223,59.733333333333334,316,44.16279407999885,311,0.29232626142205365,314
224,224,62.266666666666666,351,42.839345510984685,274,0.5303886421869828,358
225,225,60.733333333333334,326,35.20037878584073,152,0.47678259190541367,345
226,226,69.06666666666666,434,53.98077259102365,458,0.9088011656231523,410
227,227,60.4,320,36.10460991539525,163,0.4290846354837309,335
228,228,39.46666666666667,24,24.38930288544745,19,-2.6889869835070415,16
229,229,58.0,285,30.04995840263344,81,0.20621570489058702,301
230,230,51.333333333333336,157,45.440175217636686,342,-0.4318450694082692,170
231,231,68.93333333333334,432,49.987808037369994,410,0.97106460911784,420
232,232,46.8,91,31.330496325465386,101,-1.1867236234419571,80
233,233,54.6,223,30.661283171359376,91,-0.22736719739391983,209
234,234,48.86666666666667,119,43.50511737824917,288,-0.6706446574493391,135
235,235,52.0,170,37.40893705290985,180,-0.45553624523493613,164
236,236,52.333333333333336,175,44.674484035179674,324,-0.35255319932008855,183
237,237,59.266666666666666,310,29.182839053767456,73,0.3804479830996638,325
238,238,61.06666666666667,332,36.78017064099828,171,0.49140398120270223,350
239,239,67.2,419,31.37833647598292,102,1.333028606250544,461
240,240,57.666666666666664,277,27.175794551839868,47,0.18052016458388795,292
241,241,39.333333333333336,22,27.562051205718827,52,-2.398185653234634,22
242,242,66.06666666666666,406,41.185064329311466,233,0.9090392263074136,411
243,243,51.6,162,51.05151459905125,423,-0.3641482570654441,181
244,244,34.333333333333336,7,43.97185246863963,306,-1.9436031849525202,36
245,245,55.6,245,44.21344333377091,313,-0.07007793203474219,246
246,246,66.66666666666667,413,40.035103644296015,216,0.9931941072101609,426
247,247,80.0,491,55.62373594069352,475,1.6432266805658116,479
248,248,42.53333333333333,52,37.09999358233804,174,-1.4475843223050233,59
249,249,46.46666666666667,87,31.256694521029452,100,-1.2308286324532285,75
250,250,76.8,478,49.2822773128724,396,1.6031901237241404,474
251,251,55.86666666666667,248,25.480711659344735,26,-0.08106489118484851,244
252,252,73.4,465,56.397568336637654,480,1.167438930922025,447
253,253,83.6,495,52.47557254843166,439,2.0075082919698453,494
254,254,71.06666666666666,452,57.41760141612459,487,0.9893091028428651,423
255,255,51.4,158,43.16711711476688,280,-0.44860342838166073,166
256,256,66.33333333333333,409,31.196764178967268,98,1.233193107837268,452
257,257,79.0,488,42.908540608401694,275,2.039906796717038,496
258,258,56.86666666666667,265,43.291151630833404,285,0.041749691568446295,266
259,259,61.6,344,50.53117849407433,418,0.39855617859061593,328
260,260,55.86666666666667,247,39.07111952519893,206,-0.05286746689316333,249
261,261,52.666666666666664,182,42.57374554257364,263,-0.3396256928200486,187
262,262,51.86666666666667,166,45.4074673951113,340,-0.3866660157465035,178
263,263,54.06666666666667,212,39.825452497952455,214,-0.22691421124757435,210
264,264,66.6,411,41.44497212311422,238,0.9531778671238067,417
265,265,46.4,82,45.786460880919805,348,-0.8458796053881884,115
266,266,60.0,317,41.471160375098535,239,0.33620327765698743,319
267,267,56.13333333333333,252,29.32786745612114,77,-0.035215501452120816,253
268,268,50.666666666666664,142,30.562971682989833,89,-0.7265361741840818,132
269,269,65.6,400,59.58043782508292,496,0.5980393579804754,369
270,270,56.46666666666667,259,43.86972054791757,298,0.005885583188640355,260
271,271,43.4,58,28.07337325143321,58,-1.7934710962504656,44
272,272,70.46666666666667,448,52.0368916754075,434,1.0469488853500852,434
273,273,46.4,83,35.632649554667054,155,-1.086919831842857,93
274,274,67.6,424,37.75825359157537,185,1.1488193799090707,445
275,275,64.93333333333334,385,43.74188360087367,293,0.7555563493606969,394
276,276,62.93333333333333,363,47.16304041251349,373,0.5365110258775462,359
277,277,41.8,41,45.25514966750824,337,-1.2494833686347568,72
278,278,39.333333333333336,23,30.60967789690674,90,-2.1594123269736487,30
279,279,55.333333333333336,240,32.31909357521974,118,-0.12782481743615778,234
280,280,51.266666666666666,151,42.089134442219624,255,-0.4723621612562423,160
281,281,50.93333333333333,146,29.1264893344938,72,-0.7269090591770483,131
282,282,41.93333333333333,45,27.337746449778574,50,-2.0495163775867047,34
283,283,34.0,6,25.576216630746174,28,-3.3920117352601227,6
284,284,64.73333333333333,382,46.165024897746164,353,0.6991193287533752,384
285,285,66.8,415,38.71175532057414,195,1.0404856733311196,432
286,286,36.4,9,29.03150997500081,66,-2.6681239450117915,17
287,287,41.733333333333334,40,37.3945501504214,179,-1.5190383495958517,57
288,288,54.53333333333333,221,27.1631753526368,46,-0.2661533056818676,201
289,289,43.266666666666666,56,23.93284254703048,16,-2.125329708756303,32
290,290,52.333333333333336,174,32.09509679211512,113,-0.4907332847940246,157
291,291,51.333333333333336,155,42.597227721106556,264,-0.46066649569922946,163
292,292,45.6,77,35.182787999653634,151,-1.1888830452962365,78
293,293,58.333333333333336,296,49.319174287298765,397,0.15182265134953857,285
294,294,51.733333333333334,164,43.84789727270961,296,-0.41219587269810215,175
295,295,58.86666666666667,306,41.81569539003723,247,0.2284634712285832,304
296,296,53.93333333333333,205,39.63848538743028,211,-0.2410122088992438,206
297,297,61.2,333,53.2114380829643,447,0.34936699197662413,322
298,298,40.46666666666667,28,31.0940202488854,96,-1.9846110009458664,35
299,299,67.2,417,48.221512685877926,384,0.8674182498486794,405
300,300,58.2,294,34.589841613646385,145,0.2015438550150233,298
301,301,46.53333333333333,88,30.251013363585187,84,-1.2632117550342783,71
302,302,67.2,418,41.50937931875845,241,1.007681175327466,428
303,303,64.26666666666667,376,44.48188502343505,319,0.684941049016097,377
304,304,55.4,242,46.17172913622113,354,-0.08388213780733438,241
305,305,57.2,272,37.72683773806501,184,0.08212685882866325,274
306,306,47.733333333333334,103,31.61931296503693,106,-1.0615618278691379,96
307,307,48.333333333333336,109,38.7365952236875,196,-0.8065258569834735,120
308,308,48.0,106,38.607919246851786,194,-0.8426525112667175,116
309,309,48.266666666666666,107,36.653720658280214,167,-0.8594015555154189,113
310,310,40.93333333333333,30,23.140770041103604,11,-2.58859762725876,18
311,311,68.33333333333333,426,48.315431824428025,386,0.9565805275774117,418
312,312,62.0,349,36.075318036416135,162,0.6012062517887696,370
313,313,56.4,258,42.958119139459534,276,0.0,257
314,314,52.733333333333334,184,46.33799222894237,357,-0.30646426944722155,192
315,315,65.33333333333333,393,35.97750620013778,160,0.9616745261234109,419
316,316,40.266666666666666,27,24.361757697162126,18,-2.5648449547666137,20
317,317,57.8,280,42.51251916452712,261,0.12754305769804153,281
318,318,53.53333333333333,198,23.835347900205054,14,-0.46580198055478833,161
319,319,55.46666666666667,243,44.19739272637611,312,-0.08178727824148353,243
320,320,43.666666666666664,61,32.17067579259691,116,-1.5329484608792814,56
321,321,62.266666666666666,352,44.7093257556386,325,0.5082049866270824,354
322,322,70.8,451,40.75922332079312,225,1.3683028193752533,464
323,323,66.66666666666667,414,43.14869087017037,279,0.9215257339024302,413
324,324,52.266666666666666,173,52.56216274451568,441,-0.3045599786700994,193
325,325,52.8,186,22.819790909271212,10,-0.6109933303850763,139
326,326,49.86666666666667,132,42.76324634654434,272,-0.5917111855860432,147
327,327,63.86666666666667,374,38.93009608198239,204,0.7428256943107314,392
328,328,61.8,347,46.173894912911244,355,0.45294229800120234,338
329,329,61.666666666666664,345,42.46959696849814,260,0.48028975422478687,347
330,330,54.86666666666667,230,43.25153451723116,283,-0.13730320855596015,230
331,331,58.8,305,39.81241730199978,213,0.23347389233838106,306
332,332,48.46666666666667,110,32.97156061705011,125,-0.9318839419455153,109
333,333,76.33333333333333,476,46.97669128205523,367,1.6433994376247523,480
334,334,61.06666666666667,331,41.94122872147008,253,0.4309344965148601,336
335,335,38.4,16,29.407967822149345,78,-2.3705718345905864,23
336,336,46.46666666666667,85,26.521868784260356,36,-1.4505627369349756,58
337,337,60.266666666666666,318,53.408756193111614,448,0.28039476431894167,311
338,338,61.333333333333336,336,38.345546708593844,189,0.4982773615536382,353
339,339,46.06666666666667,79,44.85765847444028,329,-0.8921738064775198,111
340,340,47.53333333333333,100,30.89351912310289,93,-1.1115746380182323,90
341,341,54.0,208,41.88248866940523,251,-0.22193428151483807,211
342,342,49.6,130,44.266724038976015,314,-0.5949454658316667,143
343,343,52.266666666666666,171,55.72825221768663,476,-0.2872570110720856,196
344,344,49.93333333333333,133,58.32601314614097,490,-0.42940175325752933,171
345,345,63.2,366,29.039874065055546,67,0.9069008596666611,409
346,346,54.733333333333334,227,49.51257656490154,398,-0.1303703562107656,232
347,347,68.6,430,50.61027563647524,419,0.9336127146021059,415
348,348,62.333333333333336,355,43.91170795173077,301,0.5233160416524317,357
349,349,68.53333333333333,429,57.10499936416208,484,0.8229086499819604,397
350,350,62.93333333333333,364,52.55808578089941,440,0.4814385992044167,348
351,351,67.86666666666666,425,43.942928354639186,303,1.0106338084276345,429
352,352,76.86666666666666,479,48.25803658706076,385,1.642567015949257,478
353,353,61.4,339,54.34782161490664,463,0.35631449717067654,323
354,354,52.86666666666667,188,27.155285375217908,45,-0.5039365621651001,155
355,355,71.33333333333333,455,51.50959226433554,429,1.122830695427757,443
356,356,65.8,404,36.89599281377703,173,0.9867207975158656,422
357,357,61.93333333333333,348,38.77124609565089,197,0.5527423027917151,362
358,358,67.33333333333333,422,42.55025040494838,262,0.9951673025550503,427
359,359,66.33333333333333,408,29.050858523499457,69,1.3242856331150077,460
360,360,51.266666666666666,154,40.682510574774845,223,-0.488694385612937,158
361,361,48.6,113,33.34195126692069,130,-0.9060438562391263,110
362,362,50.0,134,44.8266502365342,328,-0.5529543984423292,150
363,363,71.73333333333333,459,39.62406676082942,210,1.4987291688230537,471
364,364,56.333333333333336,254,37.345236197762446,178,-0.006913837373523335,255
365,365,51.4,159,45.57380199820318,346,-0.4249133467469003,172
366,366,46.93333333333333,94,41.898630503815255,252,-0.8750701849493212,112
367,367,46.0,78,32.70867075955767,123,-1.2314479881083935,74
368,368,77.73333333333333,481,54.386798117960666,465,1.519185677007266,473
369,369,64.93333333333334,384,45.828042984721954,349,0.7211623219139992,388
370,370,60.53333333333333,321,41.06591681442804,230,0.38982037675339676,326
371,371,41.733333333333334,38,47.02198067570811,369,-1.2080255856538316,76
372,372,47.733333333333334,104,44.589343164140956,322,-0.7527775312493238,127
373,373,71.33333333333333,456,55.03462113805749,470,1.0509121368942977,436
374,374,54.93333333333333,232,41.20067035977981,235,-0.13787095027421564,229
375,375,48.86666666666667,120,53.70004877181433,452,-0.5433230547966117,151
376,376,53.46666666666667,197,42.619356210641236,266,-0.2665631806526096,200
377,377,67.46666666666667,423,58.35833477829228,491,0.7344454885640757,390
378,378,76.6,477,56.90694158009196,483,1.3747754038631887,466
379,379,69.2,437,48.858688363191135,392,1.0146442422470525,430
380,380,54.666666666666664,225,51.96381524905668,431,-0.1291893426464305,233
381,381,59.666666666666664,314,40.84232165407885,227,0.3097704803553298,316
382,382,54.266666666666666,215,40.635077504657524,222,-0.2033308407240551,218
383,383,49.2,124,26.74001816432763,43,-1.0428369914083997,99
384,384,43.733333333333334,63,31.628347743003914,107,-1.55107024402854,55
385,385,58.4,298,41.77969431605331,246,0.18540027205126167,293
386,386,51.93333333333333,168,47.160011309017584,372,-0.3668219140089976,180
387,387,77.53333333333333,480,46.37866915275763,358,1.7647994119939816,488
388,388,47.0,95,36.81614552650198,172,-0.988860809129053,105
389,389,65.46666666666667,396,45.04738246187748,334,0.7795136384523773,395
390,390,56.333333333333336,256,37.249480661128814,177,-0.006931610459111351,254
391,391,72.93333333333334,462,38.82463626297587,201,1.6492961897587624,481
392,392,67.33333333333333,421,50.06804893152442,413,0.8457413225038395,399
393,393,50.6,140,34.42963839484812,142,-0.6524408752246526,138
394,394,49.8,131,33.49456245849039,134,-0.7631593968915822,126
395,395,44.6,69,46.77270266176324,363,-0.977091356378008,106
396,396,63.6,369,41.86167698504205,250,0.6661338508406486,376
397,397,86.93333333333334,498,49.84184510839786,404,2.3726066169302986,498
398,398,70.46666666666667,449,43.001439621526735,277,1.2669335309736485,454
399,399,53.8,201,40.52900196155834,221,-0.24845804763932824,203
400,400,58.733333333333334,304,53.482262302116396,449,0.1689711831953122,290
401,401,42.4,51,28.57271425678702,64,-1.8976764461228695,38
402,402,66.46666666666667,410,49.93977325119681,409,0.7807010287313827,396
403,403,51.266666666666666,153,24.837950992861902,24,-0.8004410072410978,121
404,404,42.333333333333336,49,24.760760046800623,22,-2.200254177726278,29
405,405,57.666666666666664,278,29.27130888446097,76,0.16759684114434495,289
406,406,64.6,380,50.51845490228582,416,0.6286507277455119,373
407,407,47.13333333333333,96,26.755150816956633,44,-1.3414107033218288,68
408,408,47.2,97,31.61193264756658,105,-1.1271517999976208,87
409,409,54.0,209,44.326709136333854,316,-0.20969659629613038,215
410,410,46.4,84,23.19729048217239,12,-1.669584363391012,49
411,411,65.8,403,38.81310529778754,199,0.9379832707285333,416
412,412,61.333333333333336,338,43.73241143046893,292,0.43690062396097473,337
413,413,81.8,494,55.53017197884407,473,1.7715374090890066,489
414,414,68.46666666666667,428,42.634437232069075,267,1.096156114125589,441
415,415,43.93333333333333,67,41.19200107279267,234,-1.172149716577139,82
416,416,52.666666666666664,181,42.64582824458527,268,-0.33905163578753805,188
417,417,53.06666666666667,191,34.30215875477949,140,-0.376359534093732,179
418,418,55.86666666666667,249,32.1266837616927,114,-0.06429518630990032,247
419,419,70.33333333333333,446,59.00322832168552,494,0.9145867013063652,412
420,420,61.2,335,44.35119582861967,318,0.4191616418558741,332
421,421,45.13333333333333,73,34.01442271126988,139,-1.28285617949978,70
422,422,53.13333333333333,193,23.934036334018028,17,-0.5286089408842694,153
423,423,65.33333333333333,392,49.860758498996354,405,0.6939054332038694,380
424,424,49.2,123,46.72289129996742,361,-0.5968269367934605,142
425,425,52.266666666666666,172,46.41500167997822,359,-0.3448956282431724,185
426,426,42.13333333333333,48,29.570416361788414,79,-1.8685757322407446,41
427,427,62.4,356,47.0270438911788,370,0.4941390773151149,351
428,428,41.86666666666667,44,32.603388664078345,121,-1.726426616105007,47
429,429,57.2,270,44.91452199138143,331,0.06898407329283153,271
430,430,69.53333333333333,440,35.55050063273506,153,1.430786638018646,468
431,431,64.13333333333334,375,41.5724267594119,244,0.7204552042151322,387
432,432,48.733333333333334,115,29.104409746061965,71,-1.0202190176676296,101
433,433,61.2,334,44.739244517537394,326,0.4155260166386667,331
434,434,38.46666666666667,17,48.56640029995262,391,-1.430114254155544,61
435,435,69.86666666666666,443,48.42942828291001,389,1.0769521255598145,438
436,436,73.26666666666667,464,47.85165569111431,379,1.3651422957588906,463
437,437,86.8,497,49.17345393023121,395,2.394354764905404,499
438,438,46.46666666666667,86,36.72069612370555,169,-1.0476826050008106,97
439,439,89.4,499,49.60961888297758,399,2.5762836583431077,500
440,440,41.266666666666666,33,43.65688730914986,290,-1.342540698276524,67
441,441,43.06666666666667,55,24.653213834730604,21,-2.0946469006277737,33
442,442,46.666666666666664,89,33.418700211251846,131,-1.128022264923194,86
443,443,57.8,281,26.463451885842208,34,0.20489302408773102,300
444,444,43.333333333333336,57,48.3656706273995,388,-1.0463409632073695,98
445,445,54.333333333333336,218,37.64622285486414,183,-0.2126153694892604,214
446,446,68.86666666666666,431,41.858378008754826,249,1.1534893294866924,446
447,447,71.06666666666666,453,49.69689077176712,400,1.1430042174116402,444
448,448,51.666666666666664,163,36.7319764678964,170,-0.49907799511062634,156
449,449,65.13333333333334,388,28.053180789011293,57,1.205711923053209,451
450,450,79.0,487,51.29745189995865,425,1.7063113348200865,486
451,451,58.86666666666667,307,43.8925093945696,300,0.21765351428795082,302
452,452,51.53333333333333,161,31.687912672244753,108,-0.5948173092528137,144
453,453,53.93333333333333,206,44.86721148752913,330,-0.21292517640193287,213
454,454,62.53333333333333,359,51.95034259018987,430,0.45725007136381246,341
455,455,50.4,139,45.86906832028997,351,-0.5066137361888671,154
456,456,44.666666666666664,70,45.492019184949456,344,-0.9989225672914226,103
457,457,37.86666666666667,13,25.598177018425876,29,-2.8040782473706307,14
458,458,65.53333333333333,397,51.4279894146961,427,0.6878209375467591,378
459,459,57.8,282,45.48186451762944,343,0.11921623579412984,278
460,460,50.0,135,31.793979663721604,110,-0.7796159423229009,125
461,461,41.53333333333333,34,46.69332571863634,360,-1.2331174001306175,73
462,462,60.333333333333336,319,55.39038940191013,471,0.2750248673022903,310
463,463,54.06666666666667,211,36.714081896784634,168,-0.2461442769168651,204
464,464,38.8,20,30.91509109064467,94,-2.2048942600035897,28
465,465,60.93333333333333,328,53.615651588301105,451,0.3274701319985075,318
466,466,79.53333333333333,490,53.78511034885114,456,1.6657958710347553,483
467,467,56.13333333333333,253,26.672261317884608,41,-0.03872170966981784,252
468,468,63.666666666666664,370,53.84324691263742,457,0.5226965422071347,356
469,469,60.6,323,40.85829169214004,228,0.39812065997855645,327
470,470,56.333333333333336,255,52.009156702953575,432,-0.0049644890652972935,256
471,471,40.666666666666664,29,32.34339558697012,119,-1.8839994031077654,39
472,472,58.666666666666664,303,25.971596206698763,30,0.33801396654777804,320
473,473,55.333333333333336,241,27.33042957862867,49,-0.1511568716499424,227
474,474,52.4,177,53.74649490232562,454,-0.28824081296805326,195
475,475,57.2,271,54.50976321462317,466,0.05684094911156678,270
476,476,51.13333333333333,149,35.608720173308,154,-0.572829132604313,148
477,477,43.8,64,41.172459588557835,232,-1.185248358972833,81
478,478,85.33333333333333,496,48.53373887847308,390,2.3088746249461294,497
479,479,75.66666666666667,474,45.72849481554404,347,1.6317939052646213,477
480,480,55.46666666666667,244,43.34721389410111,287,-0.0833913908582752,242
481,481,71.53333333333333,457,59.16546611793387,495,0.9906310525091888,425
482,482,75.13333333333334,470,65.21597817654666,499,1.1125170555985704,442
483,483,55.266666666666666,239,58.96665724514717,493,-0.07443835772228677,245
484,484,69.2,438,50.80944794031913,420,0.9756883579936724,421
485,485,51.46666666666667,160,32.15335278377817,115,-0.594237184836585,145
486,486,51.13333333333333,148,34.37579436311601,141,-0.5933742817565764,146
487,487,78.66666666666667,486,53.77820411742324,455,1.6035944411094982,475
488,488,56.0,251,38.78328063925043,198,-0.03994487606381364,250
489,489,65.6,399,41.48459266488498,240,0.858907958261545,403
490,490,67.33333333333333,420,47.12546576756058,371,0.8985506504570799,406
491,491,74.13333333333334,469,52.955327084880395,446,1.296959313699611,455
492,492,61.53333333333333,341,28.729941242709213,65,0.6920067932814404,379
493,493,51.06666666666667,147,38.134099226407905,188,-0.5416651133447682,152
494,494,50.6,141,33.63628992620916,137,-0.6678294026268267,136
495,495,74.0,467,36.32983818925076,166,1.8762678363213574,491
496,496,79.46666666666667,489,53.6001954509585,450,1.6667255613695755,484
497,497,38.8,19,26.466150888581115,35,-2.575535338712978,19
498,498,53.2,194,39.01684617846868,205,-0.3176460406659689,190
499,499,55.8,246,36.26135290203214,165,-0.06408448173466322,248
500,500,45.13333333333333,75,33.46398205889573,133,-1.303957559219124,69
